url	first_seen	portal	title	company	status
https://job-boards.greenhouse.io/postman/jobs/7607271003	2026-04-11	greenhouse_api	Senior Fullstack Engineer - Liblab	Postman	added
https://job-boards.greenhouse.io/postman/jobs/7574040003	2026-04-11	greenhouse_api	Senior Software Engineer (Fullstack) - Ecosystems	Postman	added
https://job-boards.greenhouse.io/postman/jobs/7419694003	2026-04-11	greenhouse_api	Senior Backend Engineer, Cloud Platform	Postman	added
https://job-boards.greenhouse.io/postman/jobs/7485114003	2026-04-11	greenhouse_api	Backend and System Engineer, Flows	Postman	added
https://job-boards.greenhouse.io/postman/jobs/6250410003	2026-04-11	greenhouse_api	Backend and System Engineer (nodeJS or Golang)	Postman	added
https://job-boards.greenhouse.io/postman/jobs/7680144003	2026-04-11	greenhouse_api	Software Engineer, Client Distribution	Postman	added
https://job-boards.greenhouse.io/postman/jobs/7574033003	2026-04-11	greenhouse_api	Software Engineer, Ecosystem	Postman	added
https://job-boards.greenhouse.io/postman/jobs/7687341003	2026-04-11	greenhouse_api	Software Engineer, IAM	Postman	added
https://boards.greenhouse.io/figma/jobs/5691911004	2026-04-11	greenhouse_api	Software Engineer, Full Stack	Figma	added
https://boards.greenhouse.io/figma/jobs/5692524004	2026-04-11	greenhouse_api	Software Engineer, Fullstack - Figma Weave	Figma	added
https://job-boards.greenhouse.io/vercel/jobs/5719796004	2026-04-11	greenhouse_api	Mobile Engineer	Vercel	added
https://job-boards.greenhouse.io/vercel/jobs/5430088004	2026-04-11	greenhouse_api	Software Engineer, Backend	Vercel	added
https://careers.duolingo.com/jobs/8215862002	2026-04-11	greenhouse_api	Senior Android Engineer	Duolingo	added
https://careers.duolingo.com/jobs/8453396002	2026-04-11	greenhouse_api	Senior Android Engineer, App Builds	Duolingo	added
https://careers.duolingo.com/jobs/8488912002	2026-04-11	greenhouse_api	Senior Software Engineer	Duolingo	added
https://job-boards.greenhouse.io/intercom/jobs/7276257	2026-04-11	greenhouse_api	Senior Full Stack Engineer - Team Web	Intercom	added
https://job-boards.greenhouse.io/intercom/jobs/7371932	2026-04-11	greenhouse_api	Senior Product Engineer	Intercom	added
https://job-boards.greenhouse.io/intercom/jobs/6810055	2026-04-11	greenhouse_api	Product Engineer	Intercom	added
https://job-boards.greenhouse.io/inmobi/jobs/7410173	2026-04-11	greenhouse_api	SDE II - Senior Engineer	InMobi	added
https://job-boards.greenhouse.io/inmobi/jobs/6741379	2026-04-11	greenhouse_api	SDE III	InMobi	added
https://job-boards.greenhouse.io/inmobi/jobs/7491392	2026-04-11	greenhouse_api	SDE II - AI	InMobi	added
https://job-boards.greenhouse.io/inmobi/jobs/7491475	2026-04-11	greenhouse_api	SDE III - AI	InMobi	added
https://job-boards.greenhouse.io/inmobi/jobs/6919206	2026-04-11	greenhouse_api	SDE IV - Backend	InMobi	added
https://jobs.ashbyhq.com/fullstory/4d634b4a-9a68-4b24-ae11-5c05cf4e582d	2026-04-11	ashby_websearch	Senior Mobile Engineer II	Fullstory	added
https://jobs.ashbyhq.com/tempo/55dd46d0-4492-4bd1-a627-e3f8b2cd0972	2026-04-11	ashby_websearch	Frontend Engineer (React Native)	Tempo	added
https://jobs.ashbyhq.com/rho/1739a5e6-75cf-427d-b63b-21a5166a6150	2026-04-11	ashby_websearch	React Native Engineer	Rho	added
https://jobs.ashbyhq.com/ello/08bc1446-06d4-4f28-be60-1f42ed95cbbc	2026-04-11	ashby_websearch	Senior Mobile Engineer (Flutter)	Ello	added
https://jobs.ashbyhq.com/supabase/5436c7ae-8254-4a28-9755-c5c39de5980b	2026-04-11	ashby_websearch	SDK Engineer - Flutter	Supabase	added
https://jobs.ashbyhq.com/privy/1f881b2f-6f7a-4852-b9fd-3838d2106f49	2026-04-11	ashby_websearch	React Native Engineer	Privy	added
https://jobs.ashbyhq.com/sosafe/7b6bebcb-2d55-4373-bb3c-650574d312b8	2026-04-11	ashby_websearch	Senior Fullstack Engineer - Typescript/React/Node	SoSafe	added
https://jobs.ashbyhq.com/sitemate/387b6a46-d81d-4d2d-b460-3c94631b96d8	2026-04-11	ashby_websearch	Senior Full Stack Engineer (React Native / Node.js)	Sitemate	added
https://jobs.ashbyhq.com/acorns/5c0c0052-e8ca-4a40-807a-f18a22ed4ba1	2026-04-11	ashby_websearch	Senior Android Engineer	Acorns	added
https://jobs.ashbyhq.com/pragmatike/d071f716-376b-4f44-9dae-84bf01c2834d	2026-04-11	ashby_websearch	Lead Android Engineer (EMEA Remote)	Pragmatike	added
https://jobs.ashbyhq.com/M-KOPA/0125c41d-d46b-4221-a4be-22a71b03b4a8	2026-04-11	ashby_websearch	Senior Android Engineer - Financial Inclusion	M-KOPA	added
https://job-boards.greenhouse.io/navtechnologies/jobs/5692790004	2026-04-11	greenhouse_websearch	Staff Mobile (Flutter) Engineer	Nav	added
https://job-boards.greenhouse.io/engine/jobs/7605638003	2026-04-11	greenhouse_websearch	Principal Mobile Engineer, React Native	Engine	added
https://job-boards.greenhouse.io/clariticloudinc/jobs/7536593003	2026-04-11	greenhouse_websearch	Senior React Native Engineer (Mobile)	Clariti Cloud	added
https://job-boards.greenhouse.io/amplitude/jobs/8112921002	2026-04-11	greenhouse_websearch	Senior Software Engineer, React Native	Amplitude	added
https://job-boards.greenhouse.io/phonepe/jobs/7623855003	2026-04-11	greenhouse_websearch	Software Engineer: React Native	PhonePe	added
https://job-boards.greenhouse.io/gitlab/jobs/8452278002	2026-04-11	greenhouse_websearch	Senior Fullstack Engineer (TypeScript), AI Engineering	GitLab	added
https://job-boards.greenhouse.io/stackblitz/jobs/4005468009	2026-04-11	greenhouse_websearch	Senior Full Stack Engineer	Bolt.new	added
https://job-boards.greenhouse.io/oura/jobs/4024429009	2026-04-11	greenhouse_websearch	Senior Android Engineer	Ōura	added
https://job-boards.greenhouse.io/xapo61/jobs/7575864003	2026-04-11	greenhouse_websearch	Android Developer (Remote)	Xapo Bank	added
https://job-boards.greenhouse.io/honor/jobs/8182719002	2026-04-11	greenhouse_websearch	Senior Software Engineer, Android + Backend	Honor	added
https://job-boards.greenhouse.io/grafanalabs/jobs/5800234004	2026-04-11	greenhouse_websearch	Staff Mobile Engineer, Instrumentation SDK	Grafana Labs	added
https://jobs.lever.co/fullscript/fc05cf1a-5b10-4731-9543-a3e0a070e691	2026-04-11	lever_websearch	Senior React Native Engineer, Mobile	Fullscript	added
https://jobs.lever.co/applydigital/fb300b0e-ccfd-4e55-8857-9c0f66ebf55f	2026-04-11	lever_websearch	Staff Engineer - Mobile (React Native)	Apply Digital	added
https://jobs.lever.co/owner/6064ac48-76a2-49e5-b831-b5b9b46bf859	2026-04-11	lever_websearch	Senior/Staff Software Engineer, Mobile (React Native)	Owner	added
https://wellfound.com/jobs/1743986-senior-mobile-flutter-engineer	2026-04-11	wellfound_websearch	Senior Mobile (Flutter) Engineer	Blankfactor	added
https://wellfound.com/jobs/3279550-senior-react-native-developer	2026-04-11	wellfound_websearch	Senior React Native Developer	Ipsator	added
https://www.workatastartup.com/jobs/73172	2026-04-11	yc_websearch	Full-Stack Engineer (Mobile React Native / Product)	Dex	added
https://www.workatastartup.com/jobs/67828	2026-04-11	yc_websearch	Senior/Lead Mobile Engineer (Android + React Native)	SuperKalam	added
https://himalayas.app/companies/pearl-talent/jobs/full-stack-mobile-developer-flutter-firebase-us-based-company	2026-04-11	himalayas_websearch	Full Stack Mobile Developer - Flutter & Firebase	Pearl Talent	added
https://himalayas.app/companies/flatgigs/jobs/senior-mobile-developer-iot-react-native-specialist	2026-04-11	himalayas_websearch	Senior Mobile Developer (IoT & React Native Specialist)	Flatgigs	added
https://www.instahyre.com/job-303601-senior-mobile-engineer-flutter-at-highlevel-work-from-home/	2026-04-11	instahyre_websearch	Senior Mobile Engineer (Flutter)	HighLevel	added
https://www.instahyre.com/job-269873-senior-flutter-developer-at-tensorblue-bangalore/	2026-04-11	instahyre_websearch	Senior Flutter Developer	Tensorblue	added
https://cutshort.io/job/Senior-Full-Stack-Engineer-React-Native-Bengaluru-Bangalore-Hyderabad-Chennai-Kochi-Cochin-Softway-sJWEsrNd	2026-04-11	cutshort_websearch	Senior Full Stack Engineer (React Native)	Softway	added
https://job-boards.greenhouse.io/inthepocket/jobs/7139507	2026-04-11	greenhouse_websearch	Mobile Engineer (Flutter)	In The Pocket	added
https://job-boards.greenhouse.io/fueledcareers/jobs/5134378008	2026-04-11	greenhouse_websearch	Senior React Native Engineer	Fueled	added
https://job-boards.greenhouse.io/valtech/jobs/4723986101	2026-04-11	greenhouse_websearch	Flutter Engineer	Valtech	added
https://job-boards.greenhouse.io/emergentlabsinc/jobs/4060433009	2026-04-11	greenhouse_websearch	Mobile Developer	Emergent Labs	added
https://job-boards.greenhouse.io/xealth/jobs/7517649003	2026-04-11	greenhouse_websearch	Senior Software Engineer Full Stack (TypeScript React AWS)	Xealth	added
https://job-boards.greenhouse.io/knock/jobs/5745759004	2026-04-11	greenhouse_websearch	Senior Full Stack Software Engineer	Knock	added
https://job-boards.greenhouse.io/wizardcommerce/jobs/5650793004	2026-04-11	greenhouse_websearch	Senior Software Engineer - Fullstack (Node.js + React)	Wizard	added
https://job-boards.greenhouse.io/calendly/jobs/8390060002	2026-04-11	greenhouse_websearch	Senior Full Stack Engineer Meeting Intelligence	Calendly	added
https://job-boards.greenhouse.io/zenoti/jobs/6913142003	2026-04-11	greenhouse_websearch	Senior Software Engineer - Frontend Web Mobile Flutter	Zenoti	added
https://job-boards.greenhouse.io/hs/jobs/7206177	2026-04-11	greenhouse_websearch	Senior Software Engineer Flutter	Headspace	added
https://job-boards.greenhouse.io/degreed/jobs/5623000004	2026-04-11	greenhouse_websearch	Senior Flutter Developer	Degreed	added
https://job-boards.greenhouse.io/beaconbiosignals/jobs/4043671009	2026-04-11	greenhouse_websearch	Senior Mobile App Engineer (React Native)	Beacon Biosignals	added
https://job-boards.greenhouse.io/leagueinc/jobs/5838396004	2026-04-11	greenhouse_websearch	Senior Software Engineer Android (Multistack/AI-Native)	League	added
https://job-boards.greenhouse.io/robinhood/jobs/7383820	2026-04-11	greenhouse_websearch	Senior Android Engineer Frontend Platform	Robinhood	added
https://job-boards.greenhouse.io/privateidentity/jobs/4055699009	2026-04-11	greenhouse_websearch	Senior Android/Kotlin Engineer	Private Identity	added
https://job-boards.greenhouse.io/hungryroot/jobs/5674489004	2026-04-11	greenhouse_websearch	Senior Software Engineer Android	Hungryroot	added
https://careers.duolingo.com/jobs/8217266002	2026-04-11	greenhouse_api	Senior Android Engineer	Duolingo	added
https://jobs.ashbyhq.com/spruceid/c92f47d1-2c2e-4388-af4d-977c2ab1121a	2026-04-11	ashby_websearch	Mobile Engineer Digital Identity	Spruce Systems	added
https://jobs.ashbyhq.com/rilla/a48fe94a-63a8-442b-9da5-25a3f36f0a94	2026-04-11	ashby_websearch	Senior Software Engineer - Mobile/React Native	Rilla	added
https://jobs.ashbyhq.com/abridge/1235179f-c64a-4a91-9816-53c2aa4052ac	2026-04-11	ashby_websearch	Senior Mobile Engineer - React Native	Abridge	added
https://jobs.ashbyhq.com/wispr-flow/1dc4f5fb-b01c-4728-a9bc-4c7d92cf17b9	2026-04-11	ashby_websearch	Senior / Staff Android Engineer	Wispr Flow	added
https://jobs.ashbyhq.com/Playbook/b02e76ac-9d70-41ca-9769-0e073c44796e	2026-04-11	ashby_websearch	Senior Fullstack Engineer (ReactJS / Node.js)	Playbook	added
https://jobs.ashbyhq.com/coactive/38ed80d7-41dc-407a-9a22-7179331a408b	2026-04-11	ashby_websearch	Senior Full Stack Engineer	Coactive AI	added
https://jobs.ashbyhq.com/solace/019c9ce5-4053-4f5b-a639-d75a9e862c56	2026-04-11	ashby_websearch	Senior Full Stack Engineer	Solace	added
https://jobs.ashbyhq.com/cosuno/424ba681-0989-4961-82ad-10286e4aae71	2026-04-11	ashby_websearch	Senior Full Stack Developer (TypeScript)	Cosuno	added
https://jobs.lever.co/Fliff/b8c2d1e7-1104-44c8-a4c2-350e1ca5a7d2	2026-04-11	lever_websearch	Senior React Native Engineer	Fliff	added
https://jobs.lever.co/sprucesystems/8837a509-5d40-46b6-a959-45e9f4f6272d	2026-04-11	lever_websearch	Senior Forward Deployed Engineer Mobile	Spruce	added
https://jobs.lever.co/mattermost/4ccd166b-76d8-4b6d-970a-0bc293f68872	2026-04-11	lever_websearch	React Native Engineer (Mobile Platform Team)	Mattermost	added
https://jobs.lever.co/padsplit/91e1df82-5c61-4492-b7ea-fde81bc99b07	2026-04-11	lever_websearch	Senior Mobile Engineer (React Native)	PadSplit	added
https://jobs.lever.co/xsolla/fe065e86-bf17-4d50-b630-c7b375c4edb5	2026-04-11	lever_websearch	Senior Mobile Software Engineer	Xsolla	added
https://jobs.lever.co/jobgether/7696a0d0-87cb-43bc-afee-cde1f17e31f5	2026-04-11	lever_websearch	Mobile Engineer (Remote from India)	Jobgether	added
https://jobs.lever.co/smart-working-solutions/156f17c2-c57b-4351-a464-e2a7836e1c77	2026-04-11	lever_websearch	Senior React Native Mobile App Developer	Smart Working Solutions	added
https://himalayas.app/companies/digitalforms/jobs/mobile-developer-react-native	2026-04-11	himalayas_websearch	Mobile Developer (React Native)	Digital Forms	added
https://himalayas.app/companies/in-the-pocket/jobs/mobile-engineer-flutter-2655001092	2026-04-11	himalayas_websearch	Mobile Engineer (Flutter)	In The Pocket	added
https://himalayas.app/companies/fliff/jobs/react-native-engineer-ii-2986104108	2026-04-11	himalayas_websearch	React Native Engineer II	Fliff	added
https://himalayas.app/companies/plain-concepts/jobs/senior-mobile-developer-flutter	2026-04-11	himalayas_websearch	Senior Mobile Developer (Flutter)	Plain Concepts	added
https://himalayas.app/companies/apricot/jobs/senior-flutter-developer	2026-04-11	himalayas_websearch	Senior Flutter Developer	Apricot	added
https://weworkremotely.com/remote-jobs/appy-ventures-flutter-or-react-native-developer	2026-04-11	weworkremotely_websearch	Flutter or React Native Developer	Appy Ventures	added
https://weworkremotely.com/remote-jobs/ridr-gmbh-fullstack-engineer-react-native-convex	2026-04-11	weworkremotely_websearch	Fullstack Engineer (React Native / Convex)	RIDR GmbH	added
https://remotive.com/remote/jobs/software-development/senior-engineer-react-native-4067849	2026-04-11	remotive_websearch	Senior Engineer - React Native	Discogs	added
https://remotive.com/remote/jobs/software-development/mobile-engineer-react-native-4135345	2026-04-11	remotive_websearch	Mobile Engineer - React Native	Holepunch	added
https://www.instahyre.com/job-351845-fullstack-developer-mobile-at-sciometrix-work-from-home/	2026-04-11	instahyre_websearch	Fullstack Developer - Mobile	Sciometrix	added
https://www.instahyre.com/job-41446-senior-software-engineer-mobile-react-native-at-rippling-bangalore/	2026-04-11	instahyre_websearch	Senior Software Engineer - Mobile React Native	Rippling	added
https://ats.rippling.com/rippling/jobs/c16eb5f7-5848-4f66-9be8-1a8d0a0dd084	2026-04-11	rippling_direct	Senior Software Engineer - React Native	Rippling	added
https://ats.rippling.com/rippling/jobs/c944ef44-5428-43f4-bb7d-083475a13086	2026-04-11	rippling_direct	Senior Mobile Engineer - React Native	Rippling	added
https://www.workatastartup.com/jobs/70301	2026-04-11	yc_websearch	Software Engineer React Native (Mobile)	Bree	added
https://wellfound.com/jobs/3701526-senior-full-stack-engineer-node-js-nestjs-ai-first	2026-04-11	wellfound_websearch	Senior Full-Stack Engineer (Node.js / NestJS AI-First)	Flow	added
